feature,importance,group
Exp_556,0.004570453,expression
Exp_637,0.004381178,expression
Exp_409,0.004375723,expression
Exp_111,0.0042979503,expression
Exp_638,0.004289987,expression
Exp_475,0.004278721,expression
Entropia_norm,0.0039088186,topo
Exp_32,0.0038309665,expression
Exp_610,0.0037175217,expression
Exp_35,0.0036715462,expression
Exp_644,0.003542688,expression
Exp_314,0.003466981,expression
Exp_604,0.0034471697,expression
Exp_237,0.0034366518,expression
Exp_451,0.0034347912,expression
Exp_597,0.0032972875,expression
Exp_611,0.0032834192,expression
Exp_607,0.0032389897,expression
Exp_21,0.0032249829,expression
Exp_778,0.0031767236,expression
Exp_407,0.003154259,expression
Exp_154,0.0031364472,expression
Exp_805,0.003133252,expression
Exp_695,0.003129203,expression
Exp_452,0.0030912694,expression
Exp_798,0.0030874107,expression
Exp_333,0.0030651218,expression
Exp_612,0.003059102,expression
Exp_36,0.0030483743,expression
Exp_609,0.003031447,expression
Exp_336,0.0030236894,expression
Exp_608,0.0029489554,expression
Exp_721,0.0029419544,expression
Exp_38,0.0029245494,expression
Exp_620,0.0029214597,expression
Exp_126,0.0029095614,expression
Exp_48,0.0029032514,expression
Exp_363,0.002881861,expression
Exp_100,0.0028141777,expression
Exp_603,0.0028035904,expression
Exp_44,0.0027411154,expression
Exp_585,0.0027337412,expression
Exp_477,0.002728963,expression
Exp_334,0.0027178281,expression
Exp_742,0.0027108027,expression
Exp_292,0.0027085736,expression
Exp_767,0.0026945658,expression
Exp_652,0.0026688203,expression
Exp_7,0.0026636326,expression
Exp_23,0.0026634713,expression
Exp_728,0.0026266042,expression
Exp_636,0.0026142546,expression
Exp_238,0.0025839196,expression
Exp_666,0.0025781444,expression
Exp_138,0.0025729719,expression
Exp_259,0.0025626738,expression
Exp_66,0.002558631,expression
Exp_15,0.002550662,expression
Exp_385,0.0025248693,expression
Exp_621,0.002513611,expression
Exp_216,0.0025104545,expression
Exp_525,0.0025047325,expression
Exp_362,0.0024950826,expression
Exp_291,0.0024748037,expression
Exp_698,0.002464311,expression
Exp_803,0.002425204,expression
Exp_236,0.0024223768,expression
Exp_474,0.0024092814,expression
Exp_772,0.0023965684,expression
Exp_380,0.0023965174,expression
Exp_14,0.002381902,expression
Exp_555,0.0023771091,expression
Exp_649,0.0023651596,expression
Exp_113,0.0023443783,expression
Exp_421,0.0023376795,expression
Exp_4,0.0023306473,expression
Exp_371,0.0023121324,expression
Exp_133,0.0023100206,expression
Exp_346,0.002281684,expression
Exp_104,0.0022699018,expression
Exp_747,0.0022642964,expression
Exp_782,0.0022512027,expression
Exp_318,0.0022354147,expression
Exp_639,0.0022322603,expression
Exp_303,0.0022209128,expression
Exp_768,0.002174735,expression
Exp_441,0.0021725076,expression
Exp_78,0.0021673718,expression
Exp_49,0.0021412808,expression
Exp_795,0.0021404512,expression
Exp_80,0.0021381823,expression
Exp_327,0.0021374088,expression
Exp_601,0.0021343871,expression
Exp_343,0.0021339273,expression
Exp_65,0.002132346,expression
Grado_norm,0.0021306735,topo
Exp_744,0.0021283864,expression
Exp_117,0.0021145046,expression
Exp_588,0.0020969762,expression
Exp_662,0.002083417,expression
Exp_593,0.002080591,expression
Exp_618,0.0020788,expression
Exp_77,0.0020746265,expression
Exp_455,0.0020739196,expression
Exp_431,0.0020706675,expression
Exp_424,0.0020647328,expression
Exp_325,0.0020636052,expression
Exp_685,0.0020631247,expression
Exp_786,0.0020561193,expression
Exp_33,0.0020495423,expression
Exp_6,0.0020482868,expression
Exp_252,0.0020392989,expression
Exp_92,0.002037265,expression
Exp_96,0.0020362232,expression
Exp_98,0.0020348607,expression
Exp_494,0.002033688,expression
Exp_605,0.0020312343,expression
Exp_736,0.0020300404,expression
Exp_18,0.002017297,expression
Exp_781,0.002015966,expression
Exp_545,0.0020158312,expression
Exp_756,0.002007182,expression
Exp_130,0.001993716,expression
Exp_625,0.001989481,expression
Exp_67,0.0019892673,expression
Exp_777,0.0019891723,expression
Exp_746,0.0019864403,expression
Exp_274,0.0019656608,expression
Exp_31,0.0019653318,expression
Exp_629,0.0019552924,expression
Exp_27,0.0019375561,expression
Exp_22,0.0019318168,expression
Exp_235,0.0019279286,expression
Exp_678,0.0019202427,expression
Exp_522,0.0019177812,expression
Exp_653,0.0019125212,expression
Exp_439,0.0018989894,expression
Exp_491,0.001894559,expression
Exp_189,0.0018936135,expression
Exp_24,0.001882961,expression
Exp_712,0.0018764455,expression
Exp_152,0.0018692936,expression
Exp_510,0.0018599388,expression
Exp_129,0.0018588841,expression
Exp_174,0.0018550396,expression
Exp_415,0.0018482486,expression
Exp_573,0.0018353888,expression
Exp_667,0.0018287388,expression
Exp_783,0.0018237698,expression
Exp_282,0.0018204444,expression
Exp_56,0.0018170447,expression
Exp_204,0.0018123914,expression
Exp_245,0.0018063696,expression
Exp_321,0.0017966005,expression
Exp_231,0.001785546,expression
Exp_368,0.0017854784,expression
Exp_449,0.0017805148,expression
Exp_732,0.0017759982,expression
Exp_770,0.0017735752,expression
Exp_127,0.0017430534,expression
Exp_552,0.0017296586,expression
Exp_804,0.0017239286,expression
Exp_300,0.0017225791,expression
Exp_793,0.0017170523,expression
Exp_42,0.0017160393,expression
Exp_79,0.0017137642,expression
Exp_536,0.0016869323,expression
Exp_628,0.0016845713,expression
Exp_43,0.0016832751,expression
Exp_655,0.0016649965,expression
Exp_302,0.0016642045,expression
Exp_617,0.0016600026,expression
Exp_796,0.001659691,expression
Exp_19,0.0016510829,expression
Exp_360,0.0016500638,expression
Exp_364,0.0016500175,expression
Exp_410,0.0016450172,expression
Exp_454,0.001643252,expression
Exp_106,0.0016404035,expression
Exp_598,0.001637888,expression
Exp_258,0.0016371285,expression
Exp_158,0.0016200534,expression
Exp_187,0.0016190793,expression
Exp_741,0.0016142025,expression
Exp_731,0.0016112317,expression
Exp_483,0.0016070965,expression
Exp_178,0.0016058153,expression
Exp_247,0.0016029533,expression
Exp_462,0.0016020292,expression
Exp_787,0.0016015635,expression
Exp_595,0.0015928249,expression
Exp_500,0.0015870872,expression
Exp_538,0.001578484,expression
Exp_660,0.0015766849,expression
Exp_376,0.0015635692,expression
Exp_279,0.001562924,expression
Exp_89,0.0015626901,expression
Exp_345,0.0015526335,expression
Exp_440,0.0015522527,expression
Exp_50,0.0015454078,expression
Exp_579,0.0015387149,expression
Exp_654,0.0015351606,expression
Exp_308,0.0015349952,expression
Exp_160,0.0015304475,expression
Exp_76,0.0015224903,expression
Exp_456,0.0015211643,expression
Exp_630,0.0015149472,expression
Exp_195,0.0015117658,expression
Exp_220,0.0015096879,expression
Exp_635,0.0015046803,expression
Exp_222,0.0015041316,expression
Exp_3,0.001495715,expression
Exp_499,0.001490383,expression
Exp_118,0.0014809113,expression
Exp_59,0.0014705269,expression
Exp_766,0.0014688174,expression
Exp_273,0.0014681296,expression
Exp_90,0.0014679574,expression
Exp_414,0.0014676818,expression
Exp_659,0.0014660052,expression
Exp_312,0.0014642914,expression
Exp_433,0.0014614494,expression
Exp_398,0.0014554466,expression
Exp_85,0.001455242,expression
Exp_225,0.0014551544,expression
Exp_557,0.0014527136,expression
Exp_373,0.0014418666,expression
Exp_418,0.0014339046,expression
Exp_161,0.0014334123,expression
Exp_165,0.0014332465,expression
Exp_749,0.0014296056,expression
Exp_250,0.0014254247,expression
Exp_136,0.0014224423,expression
Exp_320,0.0014196773,expression
Exp_12,0.0014144472,expression
Exp_328,0.0014116815,expression
Exp_493,0.001411635,expression
Exp_472,0.0014081973,expression
Exp_287,0.0014080938,expression
Exp_155,0.0014041864,expression
Exp_543,0.0014033873,expression
Exp_674,0.0014000764,expression
Exp_186,0.0013953464,expression
Exp_69,0.0013942675,expression
Exp_586,0.0013881165,expression
Exp_330,0.0013872328,expression
Exp_184,0.0013825088,expression
Exp_515,0.001376269,expression
Exp_471,0.0013736312,expression
Exp_530,0.0013729376,expression
Exp_132,0.0013646139,expression
Exp_8,0.001364283,expression
Exp_745,0.0013600519,expression
Exp_68,0.0013598584,expression
Exp_54,0.0013570356,expression
Exp_750,0.0013549353,expression
Exp_254,0.001351948,expression
Exp_122,0.0013472349,expression
Exp_658,0.0013428581,expression
Exp_239,0.0013413565,expression
Exp_432,0.0013382422,expression
Exp_131,0.0013366499,expression
Exp_563,0.0013358077,expression
Exp_690,0.0013305689,expression
Exp_694,0.001325638,expression
Exp_125,0.0013154907,expression
Exp_700,0.0013125225,expression
Exp_172,0.0013068877,expression
Exp_640,0.0013067792,expression
Exp_120,0.001299146,expression
Exp_643,0.0012989669,expression
Exp_438,0.0012986888,expression
Exp_315,0.0012942575,expression
Exp_785,0.0012935774,expression
Exp_508,0.0012924443,expression
Exp_569,0.0012882393,expression
Exp_697,0.0012839542,expression
Exp_17,0.0012764167,expression
Exp_706,0.0012754566,expression
Exp_13,0.0012754517,expression
Exp_123,0.0012752021,expression
Exp_30,0.0012749082,expression
Exp_201,0.0012713127,expression
Exp_41,0.0012697581,expression
Exp_622,0.0012694664,expression
Exp_426,0.0012634252,expression
Exp_339,0.0012581669,expression
Exp_535,0.0012572546,expression
Exp_480,0.0012565912,expression
Exp_255,0.0012516346,expression
Exp_70,0.0012456884,expression
Exp_305,0.0012445481,expression
Exp_137,0.0012435494,expression
Exp_324,0.001236251,expression
Exp_425,0.0012356866,expression
Exp_507,0.001234299,expression
Exp_463,0.0012329224,expression
Exp_715,0.0012317612,expression
Exp_473,0.0012304671,expression
Exp_163,0.0012291556,expression
Exp_442,0.0012287316,expression
Exp_591,0.0012213878,expression
Exp_714,0.0012181089,expression
Exp_514,0.0012168707,expression
Exp_84,0.0012135396,expression
Exp_349,0.0012125962,expression
Exp_157,0.0012059143,expression
Exp_427,0.0012033918,expression
Exp_567,0.0012021336,expression
Exp_58,0.0012000573,expression
Exp_740,0.0011995477,expression
Exp_582,0.0011946405,expression
Exp_776,0.0011942044,expression
Exp_261,0.0011937319,expression
Exp_218,0.0011927807,expression
Exp_34,0.0011927371,expression
Exp_134,0.0011910578,expression
Exp_121,0.0011876143,expression
Exp_577,0.0011867463,expression
Exp_108,0.0011835743,expression
Exp_241,0.001180001,expression
Exp_164,0.0011751638,expression
Exp_752,0.0011737508,expression
Exp_367,0.0011693541,expression
Exp_356,0.0011690556,expression
Exp_381,0.0011668559,expression
Exp_20,0.0011663755,expression
Exp_110,0.0011593644,expression
Exp_519,0.0011575042,expression
Exp_277,0.0011567511,expression
Exp_234,0.0011562557,expression
Exp_406,0.00115338,expression
Exp_396,0.0011468526,expression
Exp_384,0.0011455005,expression
Exp_173,0.0011428102,expression
Exp_102,0.0011424648,expression
Exp_689,0.0011419519,expression
Exp_551,0.0011406188,expression
Exp_301,0.0011394102,expression
Exp_269,0.0011354778,expression
Exp_144,0.0011335914,expression
Exp_717,0.0011328226,expression
Exp_583,0.0011320334,expression
Exp_246,0.0011281105,expression
Exp_262,0.00112403,expression
Exp_332,0.0011236095,expression
Exp_99,0.0011234301,expression
Exp_272,0.0011201093,expression
Exp_391,0.0011145211,expression
Exp_411,0.0011105035,expression
Exp_91,0.0011057393,expression
Exp_723,0.0011042885,expression
Exp_487,0.0010973904,expression
Exp_624,0.001095125,expression
Exp_457,0.0010915593,expression
Exp_533,0.0010915122,expression
Exp_47,0.0010869481,expression
Exp_377,0.001084994,expression
Exp_613,0.0010836151,expression
Exp_361,0.0010819967,expression
Exp_713,0.0010817379,expression
Exp_267,0.0010757153,expression
Exp_313,0.0010755687,expression
Exp_542,0.0010751843,expression
Exp_576,0.0010741901,expression
Exp_74,0.0010738717,expression
Exp_619,0.0010730126,expression
Exp_762,0.001070203,expression
Exp_677,0.0010690987,expression
Exp_37,0.0010665352,expression
Exp_135,0.0010656056,expression
Exp_596,0.0010652826,expression
Exp_286,0.0010639926,expression
Exp_265,0.0010601501,expression
Exp_568,0.0010578181,expression
Exp_419,0.0010537896,expression
Exp_401,0.0010533825,expression
Exp_217,0.001049401,expression
Exp_503,0.0010473536,expression
Exp_743,0.0010471082,expression
Exp_548,0.0010405071,expression
Exp_753,0.001039132,expression
Exp_572,0.0010340315,expression
Exp_702,0.0010339188,expression
Exp_281,0.0010337026,expression
Exp_553,0.0010328948,expression
Exp_404,0.0010281594,expression
Exp_112,0.0010280462,expression
Exp_88,0.0010256325,expression
Exp_751,0.0010244515,expression
Exp_708,0.0010238342,expression
Exp_353,0.0010180081,expression
Exp_249,0.0010170002,expression
Exp_684,0.0010168987,expression
Exp_251,0.0010167529,expression
Exp_64,0.001014267,expression
Exp_562,0.0010123107,expression
Exp_780,0.001010353,expression
Exp_710,0.0010095366,expression
Exp_72,0.0010072388,expression
Exp_199,0.0010060709,expression
Exp_683,0.0010036709,expression
Exp_641,0.0010030356,expression
Exp_558,0.0009997145,expression
Exp_103,0.0009939354,expression
Exp_205,0.0009909169,expression
Exp_575,0.0009901235,expression
Exp_124,0.0009879876,expression
Exp_687,0.000986975,expression
Exp_202,0.0009828468,expression
Exp_221,0.0009774623,expression
Exp_55,0.0009747688,expression
Exp_527,0.0009683903,expression
Exp_458,0.0009676224,expression
Exp_206,0.0009633012,expression
Exp_93,0.0009625679,expression
Exp_357,0.0009621992,expression
Exp_739,0.00096152554,expression
Exp_748,0.0009599668,expression
Exp_168,0.0009584282,expression
Exp_599,0.0009579982,expression
Exp_233,0.00095757237,expression
Exp_116,0.00095508207,expression
Exp_531,0.00095156184,expression
Exp_208,0.00094941113,expression
Exp_150,0.00094810367,expression
Exp_703,0.0009469046,expression
Exp_128,0.000946537,expression
Exp_430,0.0009462804,expression
Exp_664,0.00094584894,expression
Exp_570,0.00094131834,expression
Exp_450,0.00093834463,expression
Exp_560,0.0009379943,expression
Exp_149,0.000926327,expression
Exp_212,0.00092553266,expression
Exp_534,0.00092519016,expression
Exp_227,0.0009231225,expression
Exp_213,0.0009227411,expression
Exp_606,0.0009199793,expression
Exp_87,0.0009165617,expression
Exp_600,0.0009161995,expression
Exp_347,0.00091592467,expression
Exp_699,0.0009144351,expression
Exp_417,0.0009136923,expression
Exp_352,0.00090744486,expression
Exp_403,0.0009065168,expression
Exp_2,0.00090631825,expression
Exp_539,0.0008992778,expression
Exp_645,0.00089659786,expression
Exp_101,0.00089491345,expression
Exp_290,0.00089085626,expression
Exp_506,0.0008892115,expression
Exp_581,0.0008856732,expression
Exp_1,0.000884547,expression
Exp_185,0.00088146597,expression
Exp_537,0.00088031025,expression
Exp_307,0.000880231,expression
Exp_83,0.00088013656,expression
Exp_294,0.00087741285,expression
Exp_177,0.0008755949,expression
Exp_448,0.0008746403,expression
Exp_470,0.00087158807,expression
Exp_696,0.00086951297,expression
Exp_693,0.00086708093,expression
Exp_498,0.00086659036,expression
Exp_338,0.0008652232,expression
Exp_146,0.0008622576,expression
Exp_526,0.00086129707,expression
Exp_801,0.0008570451,expression
Exp_169,0.0008451473,expression
Exp_423,0.0008447623,expression
Exp_171,0.0008438597,expression
Exp_791,0.0008417283,expression
Exp_322,0.0008401384,expression
Exp_634,0.0008399445,expression
Exp_97,0.0008394441,expression
Exp_760,0.000830629,expression
Exp_528,0.00082834356,expression
Exp_264,0.0008276681,expression
Exp_355,0.0008266021,expression
Exp_680,0.0008242824,expression
Exp_194,0.00081769074,expression
Exp_492,0.0008144182,expression
Exp_771,0.0008132356,expression
Exp_532,0.00081121945,expression
Exp_737,0.000810113,expression
Exp_374,0.0008041431,expression
Exp_115,0.0008037576,expression
Exp_461,0.00080370146,expression
Exp_488,0.00080355303,expression
Exp_95,0.0007972417,expression
Exp_707,0.0007954915,expression
Exp_388,0.000794212,expression
Exp_180,0.0007902903,expression
Exp_734,0.00078955834,expression
Exp_614,0.0007866424,expression
Exp_501,0.0007842589,expression
Exp_25,0.0007830852,expression
Exp_145,0.0007758683,expression
Exp_623,0.0007696503,expression
Exp_162,0.00076527416,expression
Exp_571,0.0007598705,expression
Exp_466,0.00075849635,expression
Exp_372,0.0007563593,expression
Exp_490,0.0007537916,expression
Exp_75,0.00075048464,expression
Exp_509,0.0007469381,expression
Exp_299,0.00074580807,expression
Exp_561,0.0007446792,expression
Exp_765,0.0007420948,expression
Exp_672,0.00074111274,expression
Exp_243,0.00073906616,expression
Exp_524,0.0007341709,expression
Exp_726,0.0007330515,expression
Exp_284,0.0007324216,expression
Exp_143,0.0007313881,expression
Exp_564,0.0007308907,expression
Exp_405,0.0007299265,expression
Exp_383,0.000728514,expression
Exp_397,0.0007261997,expression
Exp_486,0.0007223831,expression
Exp_775,0.0007210591,expression
Exp_416,0.000718603,expression
Exp_546,0.0007165481,expression
Exp_230,0.00071508496,expression
Exp_107,0.0007143285,expression
Exp_794,0.0007131447,expression
Exp_429,0.0007120976,expression
Exp_26,0.00070613483,expression
Exp_517,0.00070082117,expression
Exp_773,0.0006973462,expression
Exp_153,0.0006961505,expression
Exp_226,0.0006951188,expression
Exp_9,0.00069351343,expression
Exp_63,0.00069160253,expression
Exp_10,0.0006892214,expression
Exp_657,0.0006890333,expression
Exp_105,0.00068768626,expression
Exp_627,0.000686375,expression
Exp_554,0.0006847332,expression
Exp_351,0.00068171107,expression
Exp_718,0.000681256,expression
Exp_688,0.0006791526,expression
Exp_648,0.0006715207,expression
Exp_512,0.0006712361,expression
Exp_62,0.00066789746,expression
Exp_319,0.00066468224,expression
Exp_725,0.00066274795,expression
Exp_496,0.00066147477,expression
Exp_311,0.0006589534,expression
Exp_592,0.0006511062,expression
Exp_792,0.0006508183,expression
Exp_443,0.00065050955,expression
Exp_587,0.0006462162,expression
Exp_51,0.000645914,expression
Exp_540,0.00064522534,expression
Exp_516,0.00064503215,expression
Exp_447,0.00064143364,expression
Exp_459,0.0006381918,expression
Exp_484,0.0006358047,expression
Exp_5,0.00063023175,expression
Exp_193,0.00062748266,expression
Exp_402,0.0006270511,expression
Exp_578,0.00062702614,expression
Exp_521,0.00062570575,expression
Exp_331,0.0006228939,expression
Exp_709,0.00062194106,expression
Exp_382,0.00061418675,expression
Exp_437,0.0006138055,expression
Exp_626,0.0006116272,expression
Exp_727,0.00061039726,expression
Exp_469,0.00060932525,expression
Exp_800,0.00060891546,expression
Exp_467,0.000607103,expression
Exp_529,0.0006060298,expression
Exp_183,0.00060402235,expression
Exp_549,0.0006031968,expression
Exp_428,0.00060259213,expression
Exp_142,0.0006023722,expression
Exp_408,0.00060080783,expression
Exp_616,0.0006000896,expression
Exp_460,0.0005989188,expression
Exp_211,0.00059704256,expression
Exp_590,0.0005963516,expression
Exp_109,0.0005934685,expression
Exp_642,0.00059262034,expression
Exp_219,0.00059188437,expression
Exp_633,0.00058779225,expression
Exp_337,0.00058598845,expression
Exp_730,0.0005851601,expression
Exp_691,0.00058303925,expression
Exp_559,0.000579576,expression
Exp_285,0.0005783711,expression
Exp_71,0.0005750984,expression
Exp_476,0.00057430525,expression
Exp_705,0.0005718001,expression
Exp_769,0.0005689383,expression
Exp_692,0.0005683798,expression
Exp_651,0.0005681236,expression
Exp_370,0.00056262186,expression
Exp_167,0.00056045357,expression
Exp_175,0.00056028046,expression
Exp_505,0.0005580415,expression
Exp_139,0.0005565521,expression
Exp_602,0.0005556023,expression
Exp_45,0.0005548059,expression
Exp_375,0.00055476744,expression
Exp_369,0.00055464735,expression
Exp_354,0.0005520637,expression
Exp_761,0.00054700987,expression
Exp_392,0.00054477237,expression
Exp_52,0.0005436596,expression
Exp_497,0.00054045307,expression
Exp_729,0.0005379789,expression
Exp_738,0.00053756154,expression
Exp_60,0.0005349897,expression
Exp_520,0.0005313905,expression
Exp_453,0.0005296269,expression
Exp_271,0.0005254493,expression
Exp_16,0.00052408397,expression
Exp_215,0.0005231074,expression
Exp_393,0.000520674,expression
Exp_580,0.0005161312,expression
Exp_615,0.00051607005,expression
Exp_256,0.00051577814,expression
Exp_434,0.0005129166,expression
Exp_544,0.00051132805,expression
Exp_40,0.0005107452,expression
Exp_518,0.0005075196,expression
Exp_288,0.00050507754,expression
Exp_270,0.00050213956,expression
Exp_420,0.0004982895,expression
Exp_711,0.0004977495,expression
Exp_28,0.0004968189,expression
Exp_295,0.0004930921,expression
Exp_39,0.00049136824,expression
Exp_763,0.0004898056,expression
Exp_676,0.0004871628,expression
Exp_395,0.00048557253,expression
Exp_656,0.00048517808,expression
Exp_468,0.00048411152,expression
Exp_341,0.00048213731,expression
Exp_317,0.00048126493,expression
Exp_504,0.0004808565,expression
Exp_306,0.0004802327,expression
Exp_329,0.0004780619,expression
Exp_757,0.0004739614,expression
Exp_444,0.00047214772,expression
Exp_566,0.00047201512,expression
Exp_789,0.0004718182,expression
Exp_631,0.00046621208,expression
Exp_663,0.00046435287,expression
Exp_550,0.0004632009,expression
Exp_735,0.00046277427,expression
Exp_523,0.0004612387,expression
Exp_151,0.00045667548,expression
Exp_422,0.000456199,expression
Exp_275,0.00045599698,expression
Exp_716,0.0004556021,expression
Exp_326,0.00045500495,expression
Exp_46,0.00045258968,expression
Exp_565,0.00045192568,expression
Exp_29,0.00044998465,expression
Exp_495,0.00044872498,expression
Exp_73,0.00044828054,expression
Exp_298,0.0004478227,expression
Exp_310,0.0004467726,expression
Exp_682,0.00044405897,expression
Exp_661,0.00044237688,expression
Exp_188,0.00043961854,expression
Exp_722,0.00043770857,expression
Exp_297,0.00043412382,expression
Exp_733,0.00043231645,expression
Exp_646,0.00042943694,expression
Exp_632,0.00042797634,expression
Exp_665,0.00042680596,expression
Exp_511,0.00042454788,expression
Exp_260,0.00042435346,expression
Exp_502,0.00042152696,expression
Exp_283,0.0004205983,expression
Exp_412,0.00042008382,expression
Exp_257,0.0004171485,expression
Exp_242,0.00041282014,expression
Exp_673,0.00041144024,expression
Exp_482,0.00040952896,expression
Exp_547,0.00040412328,expression
Exp_159,0.00040302883,expression
Exp_671,0.00039798807,expression
Exp_344,0.00039572272,expression
Exp_148,0.0003943571,expression
Exp_446,0.00039321408,expression
Exp_11,0.00039251236,expression
Exp_229,0.00039061267,expression
Exp_489,0.00039060984,expression
Exp_797,0.00039017745,expression
Exp_94,0.00038746215,expression
Exp_436,0.0003862944,expression
Exp_198,0.0003861541,expression
Exp_309,0.0003853034,expression
Exp_140,0.00038524487,expression
Exp_513,0.00038482485,expression
Exp_181,0.00038257055,expression
Exp_478,0.00037934686,expression
Exp_114,0.00037868402,expression
Exp_86,0.00037799779,expression
Exp_574,0.0003776461,expression
Exp_81,0.00037446737,expression
Exp_293,0.00037394982,expression
Exp_400,0.00037377456,expression
Exp_223,0.00037235935,expression
Exp_196,0.00037081784,expression
Exp_379,0.00036952776,expression
Exp_724,0.00036460304,expression
Exp_790,0.00036231932,expression
Exp_754,0.00036156032,expression
Exp_141,0.00035740662,expression
Exp_594,0.0003540324,expression
Exp_799,0.00035396652,expression
Exp_399,0.0003526228,expression
Exp_280,0.0003517109,expression
Exp_366,0.00035092395,expression
Exp_276,0.00034998392,expression
Exp_156,0.00034733204,expression
Exp_435,0.0003472182,expression
Exp_82,0.00034696303,expression
Exp_784,0.00034682217,expression
Exp_755,0.0003459177,expression
Exp_289,0.00034548974,expression
Exp_413,0.00034490676,expression
Exp_190,0.00034449928,expression
Exp_788,0.00034249065,expression
Exp_197,0.00034161928,expression
Exp_479,0.00034133124,expression
Exp_200,0.0003403053,expression
Exp_244,0.00033811384,expression
Exp_541,0.00033797554,expression
Exp_304,0.0003351001,expression
Exp_394,0.00033485296,expression
Exp_675,0.00033241836,expression
Exp_214,0.00033199653,expression
Exp_323,0.00033104917,expression
Exp_179,0.00032989096,expression
Exp_365,0.0003296577,expression
Exp_358,0.00032692606,expression
Exp_669,0.00032658273,expression
Exp_166,0.0003263927,expression
Exp_670,0.0003238267,expression
Exp_316,0.0003219154,expression
Exp_650,0.00032062223,expression
Exp_232,0.00031954606,expression
Exp_191,0.00031742235,expression
Exp_203,0.00031672462,expression
Exp_170,0.00031483438,expression
Exp_481,0.00031331574,expression
Exp_61,0.0003116289,expression
Exp_758,0.00030418654,expression
Exp_485,0.00030322003,expression
Exp_465,0.00030309887,expression
Exp_464,0.00030139997,expression
Exp_335,0.0003004647,expression
Exp_53,0.000299548,expression
Exp_119,0.00029693727,expression
Exp_387,0.00029546578,expression
Exp_802,0.00029468906,expression
Exp_389,0.0002940307,expression
Exp_359,0.00029147882,expression
Exp_350,0.0002912461,expression
Exp_253,0.00029031924,expression
Exp_248,0.00028956632,expression
Exp_147,0.0002872957,expression
Exp_192,0.0002861316,expression
Exp_584,0.00028601824,expression
Exp_268,0.00028510104,expression
Exp_378,0.00028279933,expression
Exp_386,0.00027914115,expression
Exp_240,0.00027768276,expression
Exp_445,0.00027334338,expression
Exp_686,0.00027110078,expression
Exp_764,0.00026826755,expression
Exp_681,0.0002674932,expression
Exp_296,0.0002566343,expression
Exp_704,0.00025552558,expression
Exp_679,0.00025455983,expression
Exp_210,0.00025440502,expression
Exp_779,0.0002529799,expression
Exp_278,0.00024755413,expression
Exp_668,0.0002468231,expression
Exp_647,0.00024559876,expression
Exp_263,0.00024190877,expression
Exp_720,0.00023959493,expression
Exp_176,0.00023688721,expression
Exp_719,0.00023479114,expression
Exp_759,0.00023442051,expression
Exp_348,0.00023168902,expression
Exp_774,0.00022319777,expression
Exp_701,0.00021462323,expression
Exp_266,0.00021273953,expression
Exp_224,0.00021194457,expression
Exp_589,0.00020449971,expression
Exp_340,0.00019962923,expression
Exp_342,0.00019643577,expression
Exp_57,0.00018225724,expression
Exp_228,0.00017365463,expression
Exp_182,0.00015800736,expression
Exp_207,0.00015736678,expression
Exp_390,0.00015537791,expression
Exp_209,0.00012774528,expression
